customer_id,first_name,last_name,email,city,created_at,updated_at
1,Aarav,Malhotra,aarav.malhotra1@example.com,Pune,2026-09-15 00:00:00,2026-09-15 15:00:00
2,Arjun,Bansal,arjun.bansal2@example.com,Bhopal,2026-09-06 03:00:00,2026-09-06 21:00:00
3,Vivaan,Sharma,vivaan.sharma3@example.com,Bhopal,2026-09-13 23:00:00,2026-09-16 06:00:00
4,Meera,Saxena,meera.saxena4@example.com,Indore,2026-09-06 00:00:00,2026-09-07 06:00:00
5,Pooja,Nair,pooja.nair5@example.com,Pune,2026-09-13 08:00:00,2026-09-14 10:00:00
6,Ishaan,Sharma,ishaan.sharma6@example.com,Mumbai,2026-09-10 22:00:00,2026-09-14 02:00:00
7,Priya,Malhotra,priya.malhotra7@example.com,Mumbai,2026-09-16 06:00:00,2026-09-18 13:00:00
8,Priya,Singh,priya.singh8@example.com,Bhopal,2026-09-05 23:00:00,2026-09-10 01:00:00
9,Neha,Agarwal,neha.agarwal9@example.com,Kolkata,2026-09-09 11:00:00,2026-09-10 00:00:00
10,Vivaan,Reddy,vivaan.reddy10@example.com,Ahmedabad,2026-09-07 00:00:00,2026-09-11 08:00:00
11,Sneha,Patel,sneha.patel11@example.com,Ahmedabad,2026-09-04 00:00:00,2026-09-08 23:00:00
12,Diya,Agarwal,diya.agarwal12@example.com,Kolkata,2026-09-07 15:00:00,2026-09-12 02:00:00
13,Aditya,Verma,aditya.verma13@example.com,Pune,2026-09-05 11:00:00,2026-09-09 06:00:00
14,Aditya,Jain,aditya.jain14@example.com,Bhopal,2026-09-17 20:00:00,2026-09-19 10:00:00
15,Kavya,Agarwal,kavya.agarwal15@example.com,Mumbai,2026-09-09 11:00:00,2026-09-10 23:00:00
16,Karan,Malhotra,karan.malhotra16@example.com,Bhopal,2026-09-09 06:00:00,2026-09-11 04:00:00
17,Rohan,Bansal,rohan.bansal17@example.com,Pune,2026-09-14 08:00:00,2026-09-17 18:00:00
18,Sneha,Malhotra,sneha.malhotra18@example.com,Ahmedabad,2026-09-04 20:00:00,2026-09-07 08:00:00
19,Priya,Verma,priya.verma19@example.com,Pune,2026-09-06 01:00:00,2026-09-09 17:00:00
20,Priya,Khan,priya.khan20@example.com,Delhi,2026-09-18 21:00:00,2026-09-19 02:00:00
21,Simran,Joshi,simran.joshi21@example.com,Pune,2026-09-02 18:00:00,2026-09-03 22:00:00
22,Sneha,Reddy,sneha.reddy22@example.com,Mumbai,2026-09-15 08:00:00,2026-09-18 00:00:00
23,Kabir,Bansal,kabir.bansal23@example.com,Ahmedabad,2026-09-07 00:00:00,2026-09-07 18:00:00
24,Simran,Nair,simran.nair24@example.com,Kolkata,2026-09-06 23:00:00,2026-09-10 23:00:00
25,Kabir,Chouhan,kabir.chouhan25@example.com,Ahmedabad,2026-09-09 21:00:00,2026-09-11 20:00:00
26,Vivaan,Singh,vivaan.singh26@example.com,Mumbai,2026-09-11 21:00:00,2026-09-12 09:00:00
27,Riya,Saxena,riya.saxena27@example.com,Bhopal,2026-09-14 18:00:00,2026-09-15 15:00:00
28,Diya,Reddy,diya.reddy28@example.com,Ahmedabad,2026-09-09 14:00:00,2026-09-11 15:00:00
29,Aarav,Singh,aarav.singh29@example.com,Ahmedabad,2026-09-06 17:00:00,2026-09-09 16:00:00
30,Priya,Singh,priya.singh30@example.com,Delhi,2026-09-17 09:00:00,2026-09-18 20:00:00
31,Kavya,Sharma,kavya.sharma31@example.com,Delhi,2026-09-10 15:00:00,2026-09-11 12:00:00
32,Rohan,Shah,rohan.shah32@example.com,Bhopal,2026-09-12 01:00:00,2026-09-16 03:00:00
33,Ananya,Shah,ananya.shah33@example.com,Kolkata,2026-09-19 22:00:00,2026-09-23 07:00:00
34,Neha,Gupta,neha.gupta34@example.com,Ahmedabad,2026-09-05 14:00:00,2026-09-06 10:00:00
35,Meera,Sharma,meera.sharma35@example.com,Kolkata,2026-09-17 23:00:00,2026-09-22 22:00:00
36,Aarav,Singh,aarav.singh36@example.com,Bengaluru,2026-09-08 06:00:00,2026-09-10 21:00:00
37,Ananya,Jain,ananya.jain37@example.com,Indore,2026-09-20 02:00:00,2026-09-24 13:00:00
38,Simran,Patel,simran.patel38@example.com,Bhopal,2026-09-06 12:00:00,2026-09-11 05:00:00
39,Aditya,Bansal,aditya.bansal39@example.com,Mumbai,2026-09-16 23:00:00,2026-09-19 14:00:00
40,Aisha,Bansal,aisha.bansal40@example.com,Mumbai,2026-09-04 02:00:00,2026-09-07 15:00:00
41,Diya,Nair,diya.nair41@example.com,Pune,2026-09-07 00:00:00,2026-09-09 20:00:00
42,Karan,Kapoor,karan.kapoor42@example.com,Hyderabad,2026-09-21 04:00:00,2026-09-24 02:00:00
43,Neha,Reddy,neha.reddy43@example.com,Ahmedabad,2026-09-15 16:00:00,2026-09-19 04:00:00
44,Kabir,Jain,kabir.jain44@example.com,Bhopal,2026-09-11 00:00:00,2026-09-11 16:00:00
45,Simran,Bansal,simran.bansal45@example.com,Pune,2026-09-08 14:00:00,2026-09-08 17:00:00
46,Aarav,Patel,aarav.patel46@example.com,Indore,2026-09-13 22:00:00,2026-09-15 03:00:00
47,Vivaan,Joshi,vivaan.joshi47@example.com,Bhopal,2026-09-06 06:00:00,2026-09-06 15:00:00
48,Ishaan,Iyer,ishaan.iyer48@example.com,Pune,2026-09-12 08:00:00,2026-09-13 15:00:00
49,Simran,Mishra,simran.mishra49@example.com,Jaipur,2026-09-12 21:00:00,2026-09-13 14:00:00
50,Aisha,Nair,aisha.nair50@example.com,Pune,2026-09-06 13:00:00,2026-09-10 18:00:00
51,Riya,Agarwal,riya.agarwal51@example.com,Hyderabad,2026-09-03 09:00:00,2026-09-03 22:00:00
52,Vivaan,Singh,vivaan.singh52@example.com,Indore,2026-09-10 03:00:00,2026-09-12 15:00:00
53,Priya,Singh,priya.singh53@example.com,Pune,2026-09-09 23:00:00,2026-09-13 21:00:00
54,Pooja,Reddy,pooja.reddy54@example.com,Mumbai,2026-09-05 11:00:00,2026-09-06 12:00:00
55,Ishaan,Reddy,ishaan.reddy55@example.com,Pune,2026-09-10 09:00:00,2026-09-11 09:00:00
56,Aditya,Reddy,aditya.reddy56@example.com,Ahmedabad,2026-09-20 00:00:00,2026-09-24 23:00:00
57,Pooja,Sharma,pooja.sharma57@example.com,Bhopal,2026-09-03 11:00:00,2026-09-03 18:00:00
58,Kabir,Gupta,kabir.gupta58@example.com,Hyderabad,2026-09-21 03:00:00,2026-09-25 04:00:00
59,Karan,Khan,karan.khan59@example.com,Indore,2026-09-11 17:00:00,2026-09-14 07:00:00
60,Aarav,Khan,aarav.khan60@example.com,Delhi,2026-09-04 21:00:00,2026-09-06 22:00:00
61,Kavya,Kapoor,kavya.kapoor61@example.com,Hyderabad,2026-09-21 03:00:00,2026-09-25 08:00:00
62,Pooja,Iyer,pooja.iyer62@example.com,Mumbai,2026-09-16 05:00:00,2026-09-20 03:00:00
63,Karan,Verma,karan.verma63@example.com,Kolkata,2026-09-05 10:00:00,2026-09-07 00:00:00
64,Vivaan,Joshi,vivaan.joshi64@example.com,Indore,2026-09-17 01:00:00,2026-09-19 23:00:00
65,Aisha,Shah,aisha.shah65@example.com,Ahmedabad,2026-09-02 10:00:00,2026-09-05 13:00:00
66,Meera,Patel,meera.patel66@example.com,Mumbai,2026-09-04 17:00:00,2026-09-05 01:00:00
67,Aditya,Jain,aditya.jain67@example.com,Hyderabad,2026-09-02 20:00:00,2026-09-06 01:00:00
68,Simran,Jain,simran.jain68@example.com,Kolkata,2026-09-03 22:00:00,2026-09-08 16:00:00
69,Diya,Patel,diya.patel69@example.com,Hyderabad,2026-09-14 01:00:00,2026-09-14 07:00:00
70,Simran,Shah,simran.shah70@example.com,Bengaluru,2026-09-15 09:00:00,2026-09-18 12:00:00
71,Karan,Joshi,karan.joshi71@example.com,Pune,2026-09-21 07:00:00,2026-09-22 17:00:00
72,Rahul,Kapoor,rahul.kapoor72@example.com,Jaipur,2026-09-07 00:00:00,2026-09-09 03:00:00
73,Aditya,Sharma,aditya.sharma73@example.com,Jaipur,2026-09-08 02:00:00,2026-09-13 01:00:00
74,Arjun,Patel,arjun.patel74@example.com,Ahmedabad,2026-09-14 15:00:00,2026-09-17 16:00:00
75,Ishaan,Chouhan,ishaan.chouhan75@example.com,Bengaluru,2026-09-05 22:00:00,2026-09-08 15:00:00
76,Kabir,Agarwal,kabir.agarwal76@example.com,Delhi,2026-09-20 04:00:00,2026-09-20 13:00:00
77,Pooja,Kapoor,pooja.kapoor77@example.com,Kolkata,2026-09-04 17:00:00,2026-09-07 02:00:00
78,Meera,Sharma,meera.sharma78@example.com,Ahmedabad,2026-09-18 14:00:00,2026-09-22 02:00:00
79,Arjun,Chouhan,arjun.chouhan79@example.com,Delhi,2026-09-07 18:00:00,2026-09-12 18:00:00
80,Arjun,Bansal,arjun.bansal80@example.com,Mumbai,2026-09-03 20:00:00,2026-09-08 14:00:00
81,Diya,Mehta,diya.mehta81@example.com,Bengaluru,2026-09-07 04:00:00,2026-09-08 17:00:00
82,Ishaan,Shah,ishaan.shah82@example.com,Jaipur,2026-09-05 17:00:00,2026-09-09 09:00:00
83,Vivaan,Patel,vivaan.patel83@example.com,Hyderabad,2026-09-06 17:00:00,2026-09-11 13:00:00
84,Vivaan,Sharma,vivaan.sharma84@example.com,Bengaluru,2026-09-19 01:00:00,2026-09-20 13:00:00
85,Ishaan,Gupta,ishaan.gupta85@example.com,Jaipur,2026-09-17 19:00:00,2026-09-18 12:00:00
86,Riya,Bansal,riya.bansal86@example.com,Indore,2026-09-13 03:00:00,2026-09-16 22:00:00
87,Rahul,Bansal,rahul.bansal87@example.com,Indore,2026-09-03 18:00:00,2026-09-04 04:00:00
88,Simran,Bansal,simran.bansal88@example.com,Mumbai,2026-09-19 04:00:00,2026-09-21 04:00:00
89,Vivaan,Kapoor,vivaan.kapoor89@example.com,Bengaluru,2026-09-10 13:00:00,2026-09-11 06:00:00
90,Vivaan,Agarwal,vivaan.agarwal90@example.com,Pune,2026-09-20 13:00:00,2026-09-25 13:00:00
91,Arjun,Agarwal,arjun.agarwal91@example.com,Ahmedabad,2026-09-15 22:00:00,2026-09-17 06:00:00
92,Riya,Saxena,riya.saxena92@example.com,Mumbai,2026-09-20 05:00:00,2026-09-24 21:00:00
93,Kabir,Gupta,kabir.gupta93@example.com,Mumbai,2026-09-21 02:00:00,2026-09-26 02:00:00
94,Aarav,Gupta,aarav.gupta94@example.com,Bengaluru,2026-09-20 04:00:00,2026-09-22 09:00:00
95,Riya,Jain,riya.jain95@example.com,Delhi,2026-09-18 01:00:00,2026-09-23 01:00:00
96,Arjun,Khan,arjun.khan96@example.com,Indore,2026-09-04 18:00:00,2026-09-08 23:00:00
97,Kabir,Mehta,kabir.mehta97@example.com,Jaipur,2026-09-19 16:00:00,2026-09-22 05:00:00
98,Kabir,Jain,kabir.jain98@example.com,Indore,2026-09-08 20:00:00,2026-09-10 12:00:00
99,Sneha,Joshi,sneha.joshi99@example.com,Delhi,2026-09-15 10:00:00,2026-09-16 11:00:00
100,Ishaan,Agarwal,ishaan.agarwal100@example.com,Ahmedabad,2026-09-19 19:00:00,2026-09-20 04:00:00
