order_id,customer_id,order_date,status,total_amount,currency,updated_at
1,52,2026-09-24 06:00:00,completed,14100.65,USD,2026-09-26 01:00:00
2,34,2026-09-08 23:00:00,completed,765.24,USD,2026-09-10 09:00:00
3,45,2026-09-14 18:00:00,completed,9171.50,USD,2026-09-17 02:00:00
4,50,2026-09-25 23:00:00,pending,3969.15,USD,2026-09-27 00:00:00
5,1,2026-09-23 13:00:00,refunded,10365.17,USD,2026-09-26 10:00:00
6,95,2026-09-09 18:00:00,refunded,6582.63,USD,2026-09-11 17:00:00
7,43,2026-09-14 18:00:00,completed,10852.08,USD,2026-09-15 10:00:00
8,40,2026-09-18 19:00:00,completed,6154.93,USD,2026-09-20 13:00:00
9,17,2026-09-09 13:00:00,completed,10040.62,USD,2026-09-11 19:00:00
10,96,2026-09-08 19:00:00,cancelled,6209.32,USD,2026-09-10 10:00:00
11,39,2026-09-13 14:00:00,completed,6561.77,USD,2026-09-14 17:00:00
12,84,2026-09-15 02:00:00,pending,6737.87,USD,2026-09-17 14:00:00
13,66,2026-09-21 13:00:00,completed,9950.65,USD,2026-09-22 11:00:00
14,85,2026-09-15 16:00:00,pending,12312.49,USD,2026-09-16 04:00:00
15,87,2026-09-14 14:00:00,completed,12136.94,USD,2026-09-15 19:00:00
16,6,2026-09-11 19:00:00,pending,9246.47,USD,2026-09-14 08:00:00
17,59,2026-09-19 01:00:00,completed,10831.24,USD,2026-09-20 02:00:00
18,52,2026-09-11 18:00:00,completed,9909.31,USD,2026-09-12 13:00:00
19,97,2026-09-05 22:00:00,cancelled,3438.07,USD,2026-09-08 05:00:00
20,90,2026-09-23 11:00:00,completed,942.28,USD,2026-09-25 23:00:00
21,16,2026-09-20 20:00:00,pending,12060.77,USD,2026-09-21 14:00:00
22,72,2026-09-14 21:00:00,pending,9266.87,USD,2026-09-17 06:00:00
23,65,2026-09-19 13:00:00,completed,6798.97,USD,2026-09-22 12:00:00
24,61,2026-09-20 13:00:00,cancelled,11326.05,USD,2026-09-21 23:00:00
25,36,2026-09-23 14:00:00,completed,9475.50,USD,2026-09-26 05:00:00
26,10,2026-09-13 13:00:00,completed,4220.66,USD,2026-09-14 20:00:00
27,70,2026-09-04 19:00:00,completed,2431.44,USD,2026-09-05 13:00:00
28,20,2026-09-10 12:00:00,completed,6339.46,USD,2026-09-10 21:00:00
29,60,2026-09-19 02:00:00,completed,3260.36,USD,2026-09-19 10:00:00
30,99,2026-09-26 07:00:00,pending,12879.49,USD,2026-09-26 10:00:00
31,49,2026-09-21 17:00:00,completed,14152.52,USD,2026-09-21 18:00:00
32,50,2026-09-19 06:00:00,completed,11262.98,USD,2026-09-22 03:00:00
33,78,2026-09-10 18:00:00,completed,3446.66,USD,2026-09-13 09:00:00
34,4,2026-09-17 23:00:00,pending,10099.00,USD,2026-09-19 19:00:00
35,93,2026-09-08 10:00:00,refunded,13809.14,USD,2026-09-10 22:00:00
36,69,2026-09-02 12:00:00,pending,8959.60,USD,2026-09-04 15:00:00
37,11,2026-09-19 15:00:00,completed,13029.27,USD,2026-09-20 09:00:00
38,34,2026-09-17 13:00:00,completed,3331.78,USD,2026-09-19 07:00:00
39,98,2026-09-17 13:00:00,cancelled,11329.50,USD,2026-09-19 01:00:00
40,33,2026-09-04 20:00:00,completed,485.89,USD,2026-09-07 09:00:00
41,45,2026-09-10 22:00:00,pending,11762.03,USD,2026-09-11 07:00:00
42,97,2026-09-02 16:00:00,completed,3149.74,USD,2026-09-04 00:00:00
43,20,2026-09-11 13:00:00,completed,7208.18,USD,2026-09-12 06:00:00
44,28,2026-09-21 05:00:00,completed,11549.86,USD,2026-09-22 14:00:00
45,78,2026-09-06 06:00:00,completed,14477.83,USD,2026-09-07 03:00:00
46,4,2026-09-14 16:00:00,pending,6069.88,USD,2026-09-16 17:00:00
47,10,2026-09-11 17:00:00,completed,10518.15,USD,2026-09-12 07:00:00
48,88,2026-09-06 12:00:00,completed,5337.96,USD,2026-09-06 18:00:00
49,48,2026-09-04 07:00:00,completed,9783.29,USD,2026-09-07 00:00:00
50,54,2026-09-22 06:00:00,completed,6615.58,USD,2026-09-22 20:00:00
51,59,2026-09-07 21:00:00,completed,2806.00,USD,2026-09-10 05:00:00
52,84,2026-09-12 21:00:00,completed,11664.47,USD,2026-09-15 18:00:00
53,94,2026-09-12 19:00:00,cancelled,12805.21,USD,2026-09-14 13:00:00
54,12,2026-09-13 06:00:00,completed,3808.42,USD,2026-09-15 16:00:00
55,79,2026-09-17 13:00:00,cancelled,623.79,USD,2026-09-19 09:00:00
56,24,2026-09-22 04:00:00,completed,5450.76,USD,2026-09-23 08:00:00
57,36,2026-09-13 03:00:00,refunded,349.25,USD,2026-09-16 03:00:00
58,11,2026-09-11 16:00:00,pending,7430.44,USD,2026-09-13 21:00:00
59,89,2026-09-21 16:00:00,completed,6832.43,USD,2026-09-24 07:00:00
60,38,2026-09-10 19:00:00,completed,10438.14,USD,2026-09-12 23:00:00
61,75,2026-09-17 02:00:00,completed,8390.95,USD,2026-09-19 15:00:00
62,96,2026-09-24 20:00:00,completed,5406.15,USD,2026-09-26 15:00:00
63,40,2026-09-12 02:00:00,completed,1984.83,USD,2026-09-13 08:00:00
64,16,2026-09-24 05:00:00,pending,3034.00,USD,2026-09-25 05:00:00
65,36,2026-09-23 18:00:00,cancelled,14711.54,USD,2026-09-25 07:00:00
66,38,2026-09-11 01:00:00,completed,2854.91,USD,2026-09-13 00:00:00
67,69,2026-09-06 18:00:00,completed,872.68,USD,2026-09-08 06:00:00
68,38,2026-09-06 18:00:00,completed,1717.40,USD,2026-09-09 09:00:00
69,37,2026-09-21 09:00:00,completed,6718.38,USD,2026-09-23 23:00:00
70,7,2026-09-12 03:00:00,completed,1887.60,USD,2026-09-14 17:00:00
71,63,2026-09-04 12:00:00,cancelled,2444.71,USD,2026-09-04 19:00:00
72,39,2026-09-05 00:00:00,pending,1952.20,USD,2026-09-06 08:00:00
73,78,2026-09-11 00:00:00,refunded,5828.98,USD,2026-09-13 19:00:00
74,39,2026-09-19 16:00:00,completed,8615.28,USD,2026-09-21 08:00:00
75,95,2026-09-05 14:00:00,completed,9457.25,USD,2026-09-06 17:00:00
76,11,2026-09-08 01:00:00,completed,2771.61,USD,2026-09-09 08:00:00
77,1,2026-09-18 19:00:00,completed,10402.38,USD,2026-09-21 05:00:00
78,5,2026-09-11 06:00:00,pending,10662.65,USD,2026-09-12 19:00:00
79,59,2026-09-04 09:00:00,pending,13873.81,USD,2026-09-05 15:00:00
80,81,2026-09-09 19:00:00,completed,1897.80,USD,2026-09-12 02:00:00
81,20,2026-09-12 17:00:00,completed,1255.94,USD,2026-09-13 12:00:00
82,40,2026-09-25 15:00:00,completed,6698.91,USD,2026-09-27 04:00:00
83,39,2026-09-18 13:00:00,completed,7606.49,USD,2026-09-20 00:00:00
84,11,2026-09-03 01:00:00,completed,11070.84,USD,2026-09-05 09:00:00
85,4,2026-09-05 06:00:00,cancelled,14436.25,USD,2026-09-06 12:00:00
86,74,2026-09-02 06:00:00,pending,8728.03,USD,2026-09-03 17:00:00
87,23,2026-09-21 10:00:00,refunded,9841.99,USD,2026-09-24 05:00:00
88,24,2026-09-26 08:00:00,completed,9594.45,USD,2026-09-28 16:00:00
89,12,2026-09-21 10:00:00,completed,6242.96,USD,2026-09-23 07:00:00
90,14,2026-09-08 05:00:00,completed,6291.76,USD,2026-09-10 00:00:00
91,85,2026-09-18 11:00:00,completed,742.15,USD,2026-09-21 10:00:00
92,33,2026-09-15 04:00:00,completed,14558.70,USD,2026-09-15 19:00:00
93,66,2026-09-01 10:00:00,completed,7036.71,USD,2026-09-04 08:00:00
94,67,2026-09-16 19:00:00,pending,9455.67,USD,2026-09-19 11:00:00
95,27,2026-09-12 18:00:00,completed,2138.13,USD,2026-09-15 17:00:00
96,90,2026-09-22 01:00:00,completed,626.30,USD,2026-09-22 17:00:00
97,31,2026-09-08 03:00:00,completed,8351.97,USD,2026-09-09 19:00:00
98,12,2026-09-10 23:00:00,completed,7028.89,USD,2026-09-11 14:00:00
99,20,2026-09-22 15:00:00,completed,7730.81,USD,2026-09-24 05:00:00
100,62,2026-09-21 12:00:00,completed,6959.90,USD,2026-09-22 20:00:00
101,25,2026-09-23 01:00:00,completed,12987.46,USD,2026-09-23 19:00:00
102,54,2026-09-15 21:00:00,completed,4153.42,USD,2026-09-18 14:00:00
103,93,2026-09-14 02:00:00,completed,13005.72,USD,2026-09-16 17:00:00
104,62,2026-09-16 02:00:00,completed,8367.93,USD,2026-09-17 21:00:00
105,59,2026-09-15 02:00:00,completed,14715.45,USD,2026-09-16 03:00:00
106,50,2026-09-11 08:00:00,pending,845.02,USD,2026-09-13 13:00:00
107,91,2026-09-17 15:00:00,pending,14828.52,USD,2026-09-19 17:00:00
108,84,2026-09-07 20:00:00,completed,14479.37,USD,2026-09-10 12:00:00
109,76,2026-09-15 12:00:00,completed,13137.89,USD,2026-09-16 01:00:00
110,68,2026-09-20 20:00:00,completed,10891.89,USD,2026-09-20 22:00:00
111,84,2026-09-07 23:00:00,refunded,7147.93,USD,2026-09-08 09:00:00
112,44,2026-09-18 08:00:00,cancelled,12805.98,USD,2026-09-18 19:00:00
113,69,2026-09-17 14:00:00,cancelled,9476.25,USD,2026-09-19 07:00:00
114,63,2026-09-24 11:00:00,completed,9338.02,USD,2026-09-24 16:00:00
115,88,2026-09-13 15:00:00,completed,11251.89,USD,2026-09-14 21:00:00
116,13,2026-09-05 15:00:00,completed,2661.37,USD,2026-09-08 00:00:00
117,4,2026-09-03 08:00:00,completed,11982.72,USD,2026-09-05 02:00:00
118,48,2026-09-19 18:00:00,completed,3813.37,USD,2026-09-20 13:00:00
119,88,2026-09-09 01:00:00,completed,2790.20,USD,2026-09-09 23:00:00
120,49,2026-09-11 15:00:00,completed,13709.78,USD,2026-09-14 07:00:00
121,60,2026-09-12 05:00:00,completed,3978.09,USD,2026-09-14 16:00:00
122,60,2026-09-13 15:00:00,completed,2537.20,USD,2026-09-16 13:00:00
123,45,2026-09-14 03:00:00,completed,10416.33,USD,2026-09-16 10:00:00
124,39,2026-09-09 20:00:00,completed,12829.22,USD,2026-09-11 22:00:00
125,49,2026-09-25 18:00:00,refunded,8706.79,USD,2026-09-27 16:00:00
126,38,2026-09-02 07:00:00,completed,4261.58,USD,2026-09-04 10:00:00
127,88,2026-09-03 11:00:00,refunded,12525.85,USD,2026-09-06 03:00:00
128,100,2026-09-11 04:00:00,completed,3440.49,USD,2026-09-13 02:00:00
129,33,2026-09-07 05:00:00,completed,13570.28,USD,2026-09-07 18:00:00
130,40,2026-09-20 04:00:00,pending,8777.27,USD,2026-09-20 09:00:00
131,12,2026-09-13 23:00:00,completed,11262.46,USD,2026-09-15 17:00:00
132,17,2026-09-24 09:00:00,refunded,8056.15,USD,2026-09-26 08:00:00
133,22,2026-09-12 08:00:00,completed,14517.25,USD,2026-09-14 22:00:00
134,44,2026-09-06 06:00:00,completed,14450.78,USD,2026-09-08 18:00:00
135,29,2026-09-18 07:00:00,pending,5612.84,USD,2026-09-21 07:00:00
136,2,2026-09-12 15:00:00,completed,2028.24,USD,2026-09-15 12:00:00
137,96,2026-09-12 13:00:00,refunded,12371.60,USD,2026-09-14 14:00:00
138,14,2026-09-11 08:00:00,cancelled,569.39,USD,2026-09-13 21:00:00
139,72,2026-09-15 08:00:00,completed,9784.90,USD,2026-09-16 13:00:00
140,60,2026-09-14 06:00:00,completed,1925.92,USD,2026-09-16 11:00:00
141,5,2026-09-14 08:00:00,completed,1917.70,USD,2026-09-17 00:00:00
142,69,2026-09-07 03:00:00,pending,6913.38,USD,2026-09-09 05:00:00
143,96,2026-09-24 10:00:00,pending,8892.22,USD,2026-09-26 16:00:00
144,54,2026-09-05 14:00:00,refunded,9311.27,USD,2026-09-08 05:00:00
145,36,2026-09-02 18:00:00,completed,3414.81,USD,2026-09-04 18:00:00
146,31,2026-09-16 20:00:00,completed,14717.71,USD,2026-09-17 09:00:00
147,83,2026-09-16 16:00:00,completed,6091.86,USD,2026-09-17 00:00:00
148,16,2026-09-20 18:00:00,completed,10008.64,USD,2026-09-21 06:00:00
149,77,2026-09-02 06:00:00,completed,11844.35,USD,2026-09-02 13:00:00
150,17,2026-09-25 11:00:00,pending,1214.50,USD,2026-09-26 14:00:00
151,27,2026-09-26 09:00:00,completed,12233.00,USD,2026-09-27 13:00:00
152,100,2026-09-07 16:00:00,refunded,4302.94,USD,2026-09-07 17:00:00
153,17,2026-09-24 10:00:00,completed,12017.80,USD,2026-09-25 19:00:00
154,4,2026-09-06 23:00:00,pending,5501.34,USD,2026-09-07 01:00:00
155,76,2026-09-15 04:00:00,completed,2778.02,USD,2026-09-15 07:00:00
156,95,2026-09-19 08:00:00,completed,1881.12,USD,2026-09-22 04:00:00
157,58,2026-09-16 19:00:00,completed,8985.85,USD,2026-09-19 13:00:00
158,29,2026-09-03 05:00:00,completed,4663.43,USD,2026-09-06 00:00:00
159,4,2026-09-03 23:00:00,completed,12739.87,USD,2026-09-06 13:00:00
160,14,2026-09-22 07:00:00,completed,1286.74,USD,2026-09-24 16:00:00
161,78,2026-09-07 16:00:00,completed,2066.76,USD,2026-09-08 01:00:00
162,75,2026-09-24 18:00:00,completed,5836.77,USD,2026-09-26 12:00:00
163,38,2026-09-20 17:00:00,completed,9159.92,USD,2026-09-23 10:00:00
164,90,2026-09-06 06:00:00,completed,10868.15,USD,2026-09-09 05:00:00
165,58,2026-09-11 02:00:00,completed,5215.53,USD,2026-09-13 07:00:00
166,54,2026-09-05 10:00:00,pending,6515.53,USD,2026-09-07 03:00:00
167,48,2026-09-07 21:00:00,cancelled,1192.64,USD,2026-09-10 10:00:00
168,12,2026-09-19 19:00:00,completed,11219.66,USD,2026-09-20 08:00:00
169,17,2026-09-25 02:00:00,completed,8879.27,USD,2026-09-25 10:00:00
170,43,2026-09-06 14:00:00,pending,5432.61,USD,2026-09-08 19:00:00
171,97,2026-09-19 10:00:00,completed,14532.27,USD,2026-09-19 17:00:00
172,46,2026-09-05 19:00:00,pending,3347.75,USD,2026-09-08 12:00:00
173,29,2026-09-05 23:00:00,completed,12711.37,USD,2026-09-07 20:00:00
174,98,2026-09-13 06:00:00,cancelled,12146.68,USD,2026-09-14 11:00:00
175,99,2026-09-25 03:00:00,pending,9212.73,USD,2026-09-25 07:00:00
176,89,2026-09-12 18:00:00,pending,2869.34,USD,2026-09-12 22:00:00
177,40,2026-09-15 20:00:00,cancelled,289.37,USD,2026-09-17 17:00:00
178,73,2026-09-18 11:00:00,completed,2298.89,USD,2026-09-18 20:00:00
179,4,2026-09-05 06:00:00,completed,3383.18,USD,2026-09-08 02:00:00
180,44,2026-09-08 02:00:00,completed,4811.54,USD,2026-09-10 02:00:00
181,73,2026-09-04 23:00:00,pending,2501.74,USD,2026-09-05 06:00:00
182,7,2026-09-04 20:00:00,completed,6757.52,USD,2026-09-06 07:00:00
183,78,2026-09-20 05:00:00,pending,4242.14,USD,2026-09-22 11:00:00
184,15,2026-09-16 02:00:00,pending,1840.28,USD,2026-09-18 10:00:00
185,76,2026-09-22 03:00:00,completed,10073.23,USD,2026-09-24 23:00:00
186,51,2026-09-03 17:00:00,refunded,3224.67,USD,2026-09-03 18:00:00
187,99,2026-09-07 05:00:00,completed,4483.11,USD,2026-09-08 14:00:00
188,64,2026-09-19 17:00:00,completed,2111.08,USD,2026-09-20 16:00:00
189,30,2026-09-22 17:00:00,cancelled,12533.48,USD,2026-09-25 17:00:00
190,10,2026-09-18 07:00:00,completed,6655.49,USD,2026-09-18 13:00:00
191,10,2026-09-14 17:00:00,pending,8685.89,USD,2026-09-17 00:00:00
192,54,2026-09-13 17:00:00,refunded,6193.88,USD,2026-09-14 08:00:00
193,22,2026-09-21 00:00:00,cancelled,1503.41,USD,2026-09-22 23:00:00
194,32,2026-09-19 23:00:00,completed,7954.17,USD,2026-09-22 03:00:00
195,40,2026-09-15 20:00:00,completed,5128.75,USD,2026-09-17 01:00:00
196,66,2026-09-06 05:00:00,refunded,7746.80,USD,2026-09-09 01:00:00
197,45,2026-09-16 08:00:00,completed,3696.02,USD,2026-09-17 03:00:00
198,26,2026-09-08 18:00:00,pending,11450.95,USD,2026-09-09 14:00:00
199,23,2026-09-22 10:00:00,pending,11365.55,USD,2026-09-24 22:00:00
200,58,2026-09-25 11:00:00,completed,12990.72,USD,2026-09-27 05:00:00
201,20,2026-09-20 03:00:00,completed,7139.50,USD,2026-09-20 12:00:00
202,36,2026-09-03 18:00:00,completed,7708.09,USD,2026-09-05 16:00:00
203,58,2026-09-02 23:00:00,completed,5656.69,USD,2026-09-03 07:00:00
204,83,2026-09-05 05:00:00,completed,5889.73,USD,2026-09-07 22:00:00
205,95,2026-09-03 03:00:00,completed,13653.85,USD,2026-09-05 13:00:00
206,25,2026-09-15 02:00:00,refunded,7619.74,USD,2026-09-17 15:00:00
207,58,2026-09-05 18:00:00,completed,14739.29,USD,2026-09-07 14:00:00
208,83,2026-09-08 17:00:00,completed,3865.85,USD,2026-09-08 23:00:00
209,57,2026-09-23 17:00:00,completed,9224.73,USD,2026-09-26 12:00:00
210,37,2026-09-17 21:00:00,pending,11661.85,USD,2026-09-20 02:00:00
211,7,2026-09-15 15:00:00,completed,5078.75,USD,2026-09-16 00:00:00
212,50,2026-09-13 11:00:00,pending,10910.98,USD,2026-09-14 20:00:00
213,78,2026-09-07 18:00:00,pending,1405.31,USD,2026-09-09 13:00:00
214,45,2026-09-14 14:00:00,pending,2107.61,USD,2026-09-16 17:00:00
215,11,2026-09-14 14:00:00,pending,5774.23,USD,2026-09-17 14:00:00
216,17,2026-09-23 20:00:00,completed,9760.81,USD,2026-09-24 08:00:00
217,47,2026-09-02 03:00:00,refunded,4770.53,USD,2026-09-04 02:00:00
218,44,2026-09-22 02:00:00,completed,3552.06,USD,2026-09-23 03:00:00
219,10,2026-09-13 23:00:00,completed,7713.32,USD,2026-09-14 12:00:00
220,95,2026-09-23 20:00:00,cancelled,9996.21,USD,2026-09-24 01:00:00
221,80,2026-09-06 23:00:00,completed,2482.10,USD,2026-09-09 00:00:00
222,89,2026-09-08 10:00:00,completed,845.69,USD,2026-09-10 19:00:00
223,93,2026-09-11 12:00:00,pending,9236.42,USD,2026-09-13 21:00:00
224,58,2026-09-11 08:00:00,refunded,3738.93,USD,2026-09-14 05:00:00
225,61,2026-09-09 15:00:00,completed,10238.62,USD,2026-09-11 15:00:00
226,57,2026-09-21 01:00:00,completed,11716.01,USD,2026-09-22 14:00:00
227,54,2026-09-08 06:00:00,completed,12058.44,USD,2026-09-09 08:00:00
228,33,2026-09-03 14:00:00,completed,13136.80,USD,2026-09-06 04:00:00
229,14,2026-09-23 09:00:00,pending,4418.22,USD,2026-09-24 01:00:00
230,35,2026-09-20 13:00:00,completed,2379.91,USD,2026-09-23 07:00:00
231,29,2026-09-20 14:00:00,completed,13970.91,USD,2026-09-22 11:00:00
232,51,2026-09-22 19:00:00,refunded,3688.75,USD,2026-09-24 19:00:00
233,48,2026-09-10 22:00:00,completed,4915.85,USD,2026-09-11 02:00:00
234,92,2026-09-15 16:00:00,completed,2235.61,USD,2026-09-16 11:00:00
235,61,2026-09-07 07:00:00,completed,6838.75,USD,2026-09-09 20:00:00
236,11,2026-09-02 04:00:00,completed,3390.91,USD,2026-09-03 13:00:00
237,94,2026-09-23 21:00:00,completed,1844.68,USD,2026-09-26 04:00:00
238,39,2026-09-06 13:00:00,completed,3728.14,USD,2026-09-06 20:00:00
239,80,2026-09-20 21:00:00,refunded,1839.81,USD,2026-09-21 06:00:00
240,77,2026-09-24 05:00:00,completed,9552.57,USD,2026-09-24 08:00:00
241,92,2026-09-07 12:00:00,completed,6552.16,USD,2026-09-09 02:00:00
242,31,2026-09-25 17:00:00,pending,2971.43,USD,2026-09-27 23:00:00
243,68,2026-09-16 18:00:00,completed,14310.33,USD,2026-09-17 03:00:00
244,65,2026-09-25 00:00:00,completed,5978.11,USD,2026-09-25 03:00:00
245,82,2026-09-17 21:00:00,completed,3953.28,USD,2026-09-19 21:00:00
246,9,2026-09-16 02:00:00,completed,11047.26,USD,2026-09-17 09:00:00
247,99,2026-09-26 04:00:00,completed,2173.60,USD,2026-09-27 23:00:00
248,44,2026-09-08 20:00:00,completed,14716.10,USD,2026-09-11 08:00:00
249,24,2026-09-07 03:00:00,refunded,10797.18,USD,2026-09-07 12:00:00
250,5,2026-09-13 21:00:00,completed,847.38,USD,2026-09-14 23:00:00
251,6,2026-09-14 20:00:00,refunded,7827.19,USD,2026-09-16 12:00:00
252,70,2026-09-21 13:00:00,completed,741.02,USD,2026-09-22 22:00:00
253,37,2026-09-16 14:00:00,completed,13013.68,USD,2026-09-16 21:00:00
254,16,2026-09-17 01:00:00,pending,13364.29,USD,2026-09-19 09:00:00
255,50,2026-09-15 20:00:00,completed,7543.30,USD,2026-09-16 20:00:00
256,67,2026-09-12 18:00:00,completed,10960.53,USD,2026-09-13 05:00:00
257,78,2026-09-09 01:00:00,completed,4547.04,USD,2026-09-11 23:00:00
258,42,2026-09-13 23:00:00,pending,6799.00,USD,2026-09-15 15:00:00
259,22,2026-09-20 07:00:00,pending,6816.97,USD,2026-09-22 04:00:00
260,46,2026-09-19 22:00:00,pending,9663.79,USD,2026-09-21 10:00:00
261,8,2026-09-04 13:00:00,cancelled,5576.37,USD,2026-09-06 17:00:00
262,87,2026-09-08 04:00:00,completed,2312.28,USD,2026-09-08 08:00:00
263,57,2026-09-02 20:00:00,pending,1194.12,USD,2026-09-03 13:00:00
264,47,2026-09-16 19:00:00,completed,14252.06,USD,2026-09-18 21:00:00
265,20,2026-09-20 13:00:00,pending,5705.17,USD,2026-09-22 13:00:00
266,74,2026-09-07 05:00:00,completed,5630.23,USD,2026-09-10 01:00:00
267,36,2026-09-12 00:00:00,completed,582.54,USD,2026-09-12 15:00:00
268,67,2026-09-17 21:00:00,pending,1941.98,USD,2026-09-20 21:00:00
269,91,2026-09-20 09:00:00,completed,14946.20,USD,2026-09-21 13:00:00
270,63,2026-09-09 21:00:00,completed,2207.92,USD,2026-09-10 13:00:00
271,23,2026-09-20 08:00:00,refunded,12195.41,USD,2026-09-20 20:00:00
272,41,2026-09-16 04:00:00,completed,8339.51,USD,2026-09-16 13:00:00
273,39,2026-09-08 02:00:00,completed,11946.50,USD,2026-09-09 01:00:00
274,16,2026-09-09 22:00:00,completed,3702.93,USD,2026-09-10 16:00:00
275,47,2026-09-25 00:00:00,refunded,7117.07,USD,2026-09-27 00:00:00
276,17,2026-09-05 01:00:00,refunded,4776.81,USD,2026-09-05 10:00:00
277,93,2026-09-21 19:00:00,completed,6279.18,USD,2026-09-24 15:00:00
278,74,2026-09-04 12:00:00,completed,14591.19,USD,2026-09-05 05:00:00
279,58,2026-09-21 06:00:00,cancelled,5298.16,USD,2026-09-24 01:00:00
280,100,2026-09-24 21:00:00,completed,11562.94,USD,2026-09-25 21:00:00
281,65,2026-09-03 17:00:00,completed,7867.43,USD,2026-09-04 09:00:00
282,21,2026-09-15 03:00:00,refunded,5320.49,USD,2026-09-16 08:00:00
283,37,2026-09-04 17:00:00,refunded,3104.46,USD,2026-09-06 02:00:00
284,36,2026-09-06 17:00:00,completed,9293.15,USD,2026-09-08 08:00:00
285,83,2026-09-08 13:00:00,completed,2732.94,USD,2026-09-09 09:00:00
286,78,2026-09-15 18:00:00,completed,12413.32,USD,2026-09-16 00:00:00
287,6,2026-09-25 23:00:00,pending,9836.37,USD,2026-09-27 09:00:00
288,54,2026-09-02 16:00:00,completed,13357.04,USD,2026-09-05 08:00:00
289,83,2026-09-14 06:00:00,cancelled,3823.44,USD,2026-09-16 20:00:00
290,52,2026-09-14 01:00:00,completed,1279.07,USD,2026-09-16 12:00:00
291,57,2026-09-19 02:00:00,completed,7073.21,USD,2026-09-21 16:00:00
292,19,2026-09-14 17:00:00,cancelled,11065.89,USD,2026-09-16 10:00:00
293,52,2026-09-06 22:00:00,completed,7821.22,USD,2026-09-08 22:00:00
294,31,2026-09-21 06:00:00,completed,4157.85,USD,2026-09-21 22:00:00
295,13,2026-09-03 12:00:00,cancelled,14191.64,USD,2026-09-05 02:00:00
296,54,2026-09-11 23:00:00,refunded,12239.29,USD,2026-09-12 20:00:00
297,93,2026-09-14 17:00:00,completed,11493.96,USD,2026-09-15 18:00:00
298,66,2026-09-21 07:00:00,completed,13210.20,USD,2026-09-23 23:00:00
299,12,2026-09-18 03:00:00,completed,6966.47,USD,2026-09-20 20:00:00
300,75,2026-09-16 10:00:00,completed,947.05,USD,2026-09-16 17:00:00
301,84,2026-09-21 10:00:00,cancelled,8142.56,USD,2026-09-22 23:00:00
302,56,2026-09-07 02:00:00,pending,10966.85,USD,2026-09-08 12:00:00
303,47,2026-09-03 07:00:00,completed,956.18,USD,2026-09-05 11:00:00
304,47,2026-09-24 23:00:00,completed,1287.34,USD,2026-09-26 12:00:00
305,98,2026-09-24 20:00:00,completed,12414.43,USD,2026-09-26 08:00:00
306,79,2026-09-06 10:00:00,completed,14631.20,USD,2026-09-07 03:00:00
307,44,2026-09-25 04:00:00,completed,11373.24,USD,2026-09-27 03:00:00
308,66,2026-09-18 12:00:00,completed,794.81,USD,2026-09-21 05:00:00
309,92,2026-09-15 14:00:00,completed,7885.64,USD,2026-09-18 03:00:00
310,66,2026-09-07 08:00:00,completed,13984.19,USD,2026-09-09 02:00:00
311,51,2026-09-14 03:00:00,completed,7707.77,USD,2026-09-15 23:00:00
312,63,2026-09-25 09:00:00,completed,7227.89,USD,2026-09-27 00:00:00
313,43,2026-09-06 01:00:00,pending,8838.38,USD,2026-09-08 07:00:00
314,93,2026-09-02 12:00:00,pending,4129.12,USD,2026-09-05 01:00:00
315,100,2026-09-26 01:00:00,completed,10876.44,USD,2026-09-27 07:00:00
316,22,2026-09-23 17:00:00,pending,2386.23,USD,2026-09-25 18:00:00
317,5,2026-09-25 19:00:00,completed,3022.80,USD,2026-09-26 10:00:00
318,54,2026-09-07 20:00:00,completed,10419.09,USD,2026-09-10 01:00:00
319,100,2026-09-21 11:00:00,completed,10645.18,USD,2026-09-21 19:00:00
320,72,2026-09-15 05:00:00,completed,7976.59,USD,2026-09-17 19:00:00
321,23,2026-09-20 23:00:00,completed,5265.78,USD,2026-09-23 20:00:00
322,99,2026-09-12 15:00:00,completed,3044.70,USD,2026-09-15 05:00:00
323,72,2026-09-14 02:00:00,refunded,14133.93,USD,2026-09-15 07:00:00
324,99,2026-09-13 16:00:00,completed,10415.24,USD,2026-09-14 19:00:00
325,62,2026-09-16 06:00:00,pending,14018.70,USD,2026-09-19 06:00:00
326,36,2026-09-13 15:00:00,completed,8687.03,USD,2026-09-14 07:00:00
327,51,2026-09-16 02:00:00,completed,4497.99,USD,2026-09-16 21:00:00
328,92,2026-09-04 17:00:00,pending,13875.27,USD,2026-09-06 14:00:00
329,96,2026-09-21 19:00:00,completed,3189.81,USD,2026-09-22 23:00:00
330,72,2026-09-12 23:00:00,pending,1815.66,USD,2026-09-13 17:00:00
331,31,2026-09-11 17:00:00,completed,10113.21,USD,2026-09-12 00:00:00
332,82,2026-09-11 07:00:00,completed,1682.03,USD,2026-09-11 14:00:00
333,61,2026-09-05 15:00:00,completed,275.69,USD,2026-09-06 09:00:00
334,21,2026-09-18 17:00:00,completed,7265.72,USD,2026-09-21 06:00:00
335,37,2026-09-15 01:00:00,refunded,9758.94,USD,2026-09-16 14:00:00
336,12,2026-09-25 20:00:00,pending,8119.79,USD,2026-09-27 02:00:00
337,5,2026-09-08 20:00:00,completed,13257.11,USD,2026-09-11 02:00:00
338,5,2026-09-18 07:00:00,pending,2956.60,USD,2026-09-20 23:00:00
339,38,2026-09-02 23:00:00,completed,4615.50,USD,2026-09-03 01:00:00
340,43,2026-09-13 12:00:00,completed,14838.66,USD,2026-09-15 23:00:00
341,64,2026-09-07 02:00:00,completed,7126.18,USD,2026-09-09 19:00:00
342,15,2026-09-15 11:00:00,completed,11020.30,USD,2026-09-16 08:00:00
343,92,2026-09-09 07:00:00,pending,11101.68,USD,2026-09-09 09:00:00
344,73,2026-09-09 14:00:00,completed,9241.74,USD,2026-09-10 13:00:00
345,52,2026-09-19 14:00:00,completed,5052.64,USD,2026-09-22 08:00:00
346,13,2026-09-09 06:00:00,refunded,7265.80,USD,2026-09-10 00:00:00
347,1,2026-09-12 12:00:00,pending,3684.95,USD,2026-09-14 14:00:00
348,43,2026-09-14 06:00:00,completed,4070.25,USD,2026-09-14 08:00:00
349,31,2026-09-04 00:00:00,completed,7087.31,USD,2026-09-04 16:00:00
350,88,2026-09-22 19:00:00,completed,10415.99,USD,2026-09-24 11:00:00
351,38,2026-09-17 01:00:00,completed,3442.32,USD,2026-09-18 06:00:00
352,20,2026-09-20 18:00:00,completed,6353.93,USD,2026-09-22 18:00:00
353,61,2026-09-24 07:00:00,pending,11475.28,USD,2026-09-25 11:00:00
354,77,2026-09-04 20:00:00,pending,6811.32,USD,2026-09-07 16:00:00
355,10,2026-09-25 10:00:00,completed,1113.08,USD,2026-09-26 01:00:00
356,65,2026-09-10 00:00:00,completed,2416.97,USD,2026-09-12 21:00:00
357,67,2026-09-20 05:00:00,pending,10268.05,USD,2026-09-20 20:00:00
358,63,2026-09-05 06:00:00,completed,6792.59,USD,2026-09-08 00:00:00
359,17,2026-09-23 06:00:00,completed,6960.07,USD,2026-09-25 12:00:00
360,60,2026-09-14 12:00:00,cancelled,6059.44,USD,2026-09-14 15:00:00
361,96,2026-09-10 16:00:00,completed,869.33,USD,2026-09-11 02:00:00
362,9,2026-09-24 11:00:00,completed,14031.76,USD,2026-09-24 19:00:00
363,61,2026-09-02 17:00:00,pending,6250.64,USD,2026-09-04 06:00:00
364,99,2026-09-19 07:00:00,completed,14894.27,USD,2026-09-21 07:00:00
365,49,2026-09-17 09:00:00,pending,10304.09,USD,2026-09-17 20:00:00
366,70,2026-09-07 01:00:00,refunded,1954.89,USD,2026-09-08 22:00:00
367,51,2026-09-23 22:00:00,completed,10972.03,USD,2026-09-24 15:00:00
368,1,2026-09-02 08:00:00,pending,7051.92,USD,2026-09-03 23:00:00
369,55,2026-09-24 01:00:00,completed,12385.56,USD,2026-09-26 02:00:00
370,45,2026-09-07 23:00:00,cancelled,2988.70,USD,2026-09-09 11:00:00
371,98,2026-09-06 04:00:00,completed,12180.09,USD,2026-09-06 09:00:00
372,99,2026-09-02 01:00:00,completed,3249.21,USD,2026-09-03 08:00:00
373,5,2026-09-20 10:00:00,completed,3821.31,USD,2026-09-20 17:00:00
374,57,2026-09-11 08:00:00,cancelled,3414.80,USD,2026-09-14 06:00:00
375,8,2026-09-07 08:00:00,completed,14903.55,USD,2026-09-10 01:00:00
376,94,2026-09-25 22:00:00,pending,8746.20,USD,2026-09-27 15:00:00
377,42,2026-09-11 11:00:00,refunded,13168.50,USD,2026-09-13 02:00:00
378,67,2026-09-10 19:00:00,completed,4646.71,USD,2026-09-13 00:00:00
379,76,2026-09-08 20:00:00,completed,8426.15,USD,2026-09-11 03:00:00
380,45,2026-09-17 15:00:00,completed,4916.59,USD,2026-09-20 11:00:00
381,20,2026-09-14 04:00:00,completed,2920.59,USD,2026-09-16 05:00:00
382,31,2026-09-10 23:00:00,completed,12891.47,USD,2026-09-12 14:00:00
383,60,2026-09-03 20:00:00,completed,6307.04,USD,2026-09-06 20:00:00
384,68,2026-09-07 02:00:00,completed,3793.55,USD,2026-09-09 04:00:00
385,83,2026-09-04 17:00:00,completed,12737.42,USD,2026-09-07 03:00:00
386,93,2026-09-09 12:00:00,pending,4172.50,USD,2026-09-09 19:00:00
387,78,2026-09-03 01:00:00,pending,2984.00,USD,2026-09-03 11:00:00
388,93,2026-09-25 05:00:00,cancelled,7294.51,USD,2026-09-26 09:00:00
389,43,2026-09-14 07:00:00,completed,3333.97,USD,2026-09-14 09:00:00
390,95,2026-09-06 09:00:00,pending,13733.65,USD,2026-09-08 23:00:00
391,91,2026-09-10 02:00:00,completed,13743.79,USD,2026-09-12 05:00:00
392,100,2026-09-13 10:00:00,completed,7099.97,USD,2026-09-15 11:00:00
393,40,2026-09-12 12:00:00,completed,7789.20,USD,2026-09-14 11:00:00
394,13,2026-09-21 09:00:00,completed,13732.01,USD,2026-09-23 02:00:00
395,53,2026-09-03 07:00:00,completed,11170.28,USD,2026-09-04 12:00:00
396,71,2026-09-26 07:00:00,completed,4568.14,USD,2026-09-28 13:00:00
397,30,2026-09-17 13:00:00,pending,7589.16,USD,2026-09-18 21:00:00
398,88,2026-09-15 18:00:00,completed,11497.50,USD,2026-09-17 03:00:00
399,93,2026-09-22 07:00:00,pending,2689.03,USD,2026-09-24 18:00:00
400,22,2026-09-07 08:00:00,refunded,7426.57,USD,2026-09-10 06:00:00
401,70,2026-09-03 21:00:00,cancelled,699.63,USD,2026-09-06 17:00:00
402,86,2026-09-03 10:00:00,cancelled,6302.82,USD,2026-09-03 11:00:00
403,30,2026-09-04 06:00:00,completed,334.30,USD,2026-09-05 02:00:00
404,48,2026-09-03 22:00:00,completed,9957.07,USD,2026-09-06 12:00:00
405,69,2026-09-24 21:00:00,completed,374.41,USD,2026-09-27 02:00:00
406,36,2026-09-24 05:00:00,cancelled,452.73,USD,2026-09-25 18:00:00
407,87,2026-09-19 17:00:00,completed,1782.95,USD,2026-09-20 16:00:00
408,20,2026-09-11 15:00:00,completed,9372.38,USD,2026-09-12 16:00:00
409,46,2026-09-12 18:00:00,refunded,1368.56,USD,2026-09-14 21:00:00
410,59,2026-09-25 11:00:00,completed,14855.44,USD,2026-09-26 19:00:00
411,88,2026-09-04 19:00:00,completed,1582.90,USD,2026-09-05 00:00:00
412,71,2026-09-21 16:00:00,pending,9623.51,USD,2026-09-22 00:00:00
413,11,2026-09-22 16:00:00,completed,9744.27,USD,2026-09-25 00:00:00
414,13,2026-09-23 21:00:00,refunded,3599.77,USD,2026-09-24 03:00:00
415,89,2026-09-25 13:00:00,refunded,4211.48,USD,2026-09-28 02:00:00
416,88,2026-09-13 08:00:00,completed,8539.51,USD,2026-09-16 06:00:00
417,41,2026-09-02 01:00:00,pending,8887.72,USD,2026-09-03 04:00:00
418,92,2026-09-18 08:00:00,completed,4628.60,USD,2026-09-18 18:00:00
419,73,2026-09-17 23:00:00,pending,5108.93,USD,2026-09-20 21:00:00
420,18,2026-09-04 17:00:00,completed,11232.50,USD,2026-09-07 10:00:00
421,13,2026-09-20 00:00:00,completed,12612.22,USD,2026-09-21 06:00:00
422,99,2026-09-18 07:00:00,completed,637.49,USD,2026-09-20 01:00:00
423,58,2026-09-22 07:00:00,refunded,5465.36,USD,2026-09-23 13:00:00
424,56,2026-09-09 07:00:00,completed,1467.36,USD,2026-09-11 08:00:00
425,32,2026-09-04 12:00:00,completed,4165.25,USD,2026-09-04 23:00:00
426,82,2026-09-07 22:00:00,completed,4886.15,USD,2026-09-10 00:00:00
427,1,2026-09-14 12:00:00,completed,5526.14,USD,2026-09-16 21:00:00
428,17,2026-09-05 02:00:00,completed,6577.93,USD,2026-09-06 02:00:00
429,66,2026-09-18 18:00:00,completed,587.70,USD,2026-09-19 08:00:00
430,12,2026-09-15 05:00:00,completed,381.65,USD,2026-09-17 07:00:00
431,100,2026-09-04 23:00:00,refunded,13596.98,USD,2026-09-07 23:00:00
432,74,2026-09-23 14:00:00,completed,10342.36,USD,2026-09-24 12:00:00
433,35,2026-09-14 05:00:00,completed,7497.73,USD,2026-09-15 16:00:00
434,56,2026-09-13 03:00:00,pending,4635.63,USD,2026-09-15 09:00:00
435,47,2026-09-12 02:00:00,completed,10869.03,USD,2026-09-13 10:00:00
436,79,2026-09-09 17:00:00,completed,1782.30,USD,2026-09-12 04:00:00
437,51,2026-09-15 13:00:00,completed,12100.14,USD,2026-09-17 14:00:00
438,43,2026-09-19 17:00:00,completed,4645.74,USD,2026-09-20 11:00:00
439,89,2026-09-09 22:00:00,refunded,4849.23,USD,2026-09-12 12:00:00
440,41,2026-09-13 19:00:00,pending,14522.86,USD,2026-09-16 10:00:00
441,42,2026-09-17 10:00:00,completed,12283.94,USD,2026-09-18 22:00:00
442,15,2026-09-25 10:00:00,completed,8964.55,USD,2026-09-26 12:00:00
443,88,2026-09-24 20:00:00,completed,14304.42,USD,2026-09-25 00:00:00
444,91,2026-09-10 07:00:00,cancelled,12005.54,USD,2026-09-12 16:00:00
445,9,2026-09-18 19:00:00,completed,2258.99,USD,2026-09-21 11:00:00
446,33,2026-09-07 22:00:00,completed,11878.13,USD,2026-09-10 05:00:00
447,77,2026-09-21 19:00:00,refunded,8108.17,USD,2026-09-23 23:00:00
448,89,2026-09-19 05:00:00,refunded,743.16,USD,2026-09-22 03:00:00
449,90,2026-09-24 06:00:00,completed,1817.78,USD,2026-09-24 17:00:00
450,86,2026-09-16 12:00:00,completed,9775.24,USD,2026-09-17 10:00:00
451,83,2026-09-18 10:00:00,completed,14492.57,USD,2026-09-20 05:00:00
452,2,2026-09-05 13:00:00,pending,3484.84,USD,2026-09-06 23:00:00
453,72,2026-09-26 03:00:00,completed,6796.97,USD,2026-09-27 08:00:00
454,99,2026-09-22 17:00:00,completed,5304.86,USD,2026-09-23 13:00:00
455,14,2026-09-13 23:00:00,completed,13824.02,USD,2026-09-16 05:00:00
456,94,2026-09-07 10:00:00,completed,4815.29,USD,2026-09-09 07:00:00
457,27,2026-09-23 14:00:00,completed,5354.19,USD,2026-09-26 04:00:00
458,93,2026-09-20 16:00:00,completed,1193.25,USD,2026-09-22 09:00:00
459,91,2026-09-06 06:00:00,completed,12767.71,USD,2026-09-06 09:00:00
460,87,2026-09-08 09:00:00,completed,7836.23,USD,2026-09-09 17:00:00
461,43,2026-09-25 06:00:00,completed,14385.21,USD,2026-09-27 13:00:00
462,52,2026-09-09 05:00:00,completed,9678.73,USD,2026-09-10 05:00:00
463,4,2026-09-09 19:00:00,completed,8964.20,USD,2026-09-12 05:00:00
464,91,2026-09-10 12:00:00,pending,4318.78,USD,2026-09-11 15:00:00
465,9,2026-09-26 00:00:00,completed,12032.43,USD,2026-09-26 14:00:00
466,47,2026-09-15 06:00:00,completed,6971.20,USD,2026-09-16 08:00:00
467,63,2026-09-23 21:00:00,completed,9034.77,USD,2026-09-25 14:00:00
468,76,2026-09-06 05:00:00,completed,5408.73,USD,2026-09-08 02:00:00
469,23,2026-09-14 01:00:00,completed,10146.90,USD,2026-09-14 12:00:00
470,31,2026-09-14 09:00:00,pending,2908.24,USD,2026-09-15 00:00:00
471,66,2026-09-17 22:00:00,completed,9026.70,USD,2026-09-20 04:00:00
472,55,2026-09-09 07:00:00,pending,9605.06,USD,2026-09-11 22:00:00
473,83,2026-09-08 18:00:00,completed,2668.78,USD,2026-09-11 18:00:00
474,24,2026-09-14 19:00:00,cancelled,9366.89,USD,2026-09-17 05:00:00
475,2,2026-09-22 01:00:00,completed,3087.10,USD,2026-09-22 19:00:00
476,72,2026-09-22 22:00:00,completed,6254.60,USD,2026-09-25 14:00:00
477,91,2026-09-20 07:00:00,completed,2674.52,USD,2026-09-22 22:00:00
478,98,2026-09-10 18:00:00,completed,682.92,USD,2026-09-12 08:00:00
479,37,2026-09-08 13:00:00,pending,8571.19,USD,2026-09-11 00:00:00
480,64,2026-09-24 19:00:00,completed,1874.64,USD,2026-09-27 13:00:00
481,100,2026-09-24 13:00:00,pending,8221.78,USD,2026-09-26 12:00:00
482,98,2026-09-20 04:00:00,completed,3433.64,USD,2026-09-23 02:00:00
483,95,2026-09-11 22:00:00,completed,13147.06,USD,2026-09-13 13:00:00
484,34,2026-09-16 05:00:00,refunded,6697.67,USD,2026-09-16 17:00:00
485,100,2026-09-11 11:00:00,completed,12198.21,USD,2026-09-12 14:00:00
486,45,2026-09-19 15:00:00,pending,9318.65,USD,2026-09-20 13:00:00
487,27,2026-09-03 21:00:00,completed,8077.29,USD,2026-09-05 18:00:00
488,22,2026-09-15 04:00:00,completed,4481.42,USD,2026-09-16 18:00:00
489,66,2026-09-05 10:00:00,pending,14448.99,USD,2026-09-06 04:00:00
490,8,2026-09-13 04:00:00,completed,10580.81,USD,2026-09-13 21:00:00
491,19,2026-09-15 02:00:00,pending,11469.57,USD,2026-09-16 10:00:00
492,63,2026-09-07 10:00:00,completed,9491.26,USD,2026-09-08 21:00:00
493,10,2026-09-05 08:00:00,completed,7830.60,USD,2026-09-07 12:00:00
494,48,2026-09-20 18:00:00,completed,5043.21,USD,2026-09-23 09:00:00
495,100,2026-09-05 08:00:00,pending,9595.27,USD,2026-09-07 19:00:00
496,9,2026-09-24 04:00:00,completed,3423.10,USD,2026-09-26 07:00:00
497,28,2026-09-22 11:00:00,completed,4977.73,USD,2026-09-23 22:00:00
498,71,2026-09-26 00:00:00,completed,8578.47,USD,2026-09-26 17:00:00
499,44,2026-09-03 10:00:00,pending,1672.81,USD,2026-09-03 16:00:00
500,59,2026-09-02 01:00:00,completed,13955.54,USD,2026-09-02 17:00:00
