payment_id,order_id,amount_cents,payment_method,payment_status,updated_at
1,1,1410065,credit_card,completed,2026-09-25 10:00:00
2,2,76524,debit_card,completed,2026-09-09 08:00:00
3,3,917150,upi,completed,2026-09-15 12:00:00
4,4,396915,upi,completed,2026-09-26 16:00:00
5,5,1036517,credit_card,pending,2026-09-25 07:00:00
6,6,658263,credit_card,completed,2026-09-10 14:00:00
7,7,1085208,upi,completed,2026-09-16 16:00:00
8,8,392933,wallet,completed,2026-09-19 04:00:00
9,9,1004062,net_banking,completed,2026-09-11 09:00:00
10,10,464332,net_banking,pending,2026-09-09 03:00:00
11,11,656177,net_banking,completed,2026-09-14 05:00:00
12,12,541036,debit_card,completed,2026-09-15 09:00:00
13,13,995065,net_banking,completed,2026-09-21 22:00:00
14,14,1231249,credit_card,pending,2026-09-16 01:00:00
15,15,1213694,wallet,completed,2026-09-14 15:00:00
16,16,924647,debit_card,pending,2026-09-13 00:00:00
17,17,1083124,net_banking,completed,2026-09-19 11:00:00
18,18,990931,credit_card,completed,2026-09-12 23:00:00
19,19,154793,wallet,completed,2026-09-06 06:00:00
20,20,94228,debit_card,completed,2026-09-24 15:00:00
21,21,1206077,debit_card,pending,2026-09-21 12:00:00
22,22,926687,wallet,completed,2026-09-16 12:00:00
23,23,679897,upi,completed,2026-09-21 10:00:00
24,24,1132605,debit_card,pending,2026-09-22 08:00:00
25,25,947550,credit_card,completed,2026-09-24 23:00:00
26,26,422066,upi,completed,2026-09-14 08:00:00
27,27,243144,net_banking,completed,2026-09-05 11:00:00
28,28,633946,net_banking,completed,2026-09-11 04:00:00
29,29,326036,wallet,completed,2026-09-19 07:00:00
30,30,1287949,debit_card,completed,2026-09-26 08:00:00
31,31,1415252,net_banking,completed,2026-09-23 06:00:00
32,32,1126298,credit_card,completed,2026-09-21 02:00:00
33,33,344666,upi,completed,2026-09-10 23:00:00
34,34,1009900,debit_card,pending,2026-09-18 00:00:00
35,35,594117,wallet,completed,2026-09-09 12:00:00
36,36,895960,net_banking,completed,2026-09-03 21:00:00
37,37,1302927,wallet,completed,2026-09-19 21:00:00
38,38,333178,debit_card,completed,2026-09-17 23:00:00
39,39,497944,credit_card,completed,2026-09-18 03:00:00
40,40,48589,upi,completed,2026-09-06 13:00:00
41,41,1176203,credit_card,pending,2026-09-12 02:00:00
42,42,314974,upi,completed,2026-09-03 20:00:00
43,43,720818,upi,completed,2026-09-13 04:00:00
44,44,1154986,credit_card,completed,2026-09-23 05:00:00
45,45,1091556,upi,completed,2026-09-08 03:00:00
46,46,606988,wallet,completed,2026-09-15 15:00:00
47,47,1051815,debit_card,completed,2026-09-12 02:00:00
48,48,533796,upi,completed,2026-09-06 20:00:00
49,49,978329,debit_card,completed,2026-09-05 11:00:00
50,50,661558,wallet,completed,2026-09-22 23:00:00
51,51,280600,net_banking,completed,2026-09-09 05:00:00
52,52,1166447,net_banking,completed,2026-09-13 01:00:00
53,53,1280521,debit_card,pending,2026-09-13 06:00:00
54,54,380842,wallet,completed,2026-09-13 13:00:00
55,55,62379,credit_card,pending,2026-09-17 21:00:00
56,56,453211,upi,completed,2026-09-22 20:00:00
57,57,34925,credit_card,pending,2026-09-14 04:00:00
58,58,743044,wallet,completed,2026-09-11 19:00:00
59,59,683243,net_banking,completed,2026-09-22 08:00:00
60,60,1043814,debit_card,completed,2026-09-11 16:00:00
61,61,839095,debit_card,completed,2026-09-18 15:00:00
62,62,398251,credit_card,completed,2026-09-25 00:00:00
63,63,198483,upi,completed,2026-09-13 12:00:00
64,64,303400,net_banking,completed,2026-09-24 10:00:00
65,65,1471154,debit_card,pending,2026-09-24 14:00:00
66,66,285491,debit_card,completed,2026-09-11 02:00:00
67,67,87268,debit_card,completed,2026-09-08 07:00:00
68,68,171740,net_banking,completed,2026-09-07 10:00:00
69,69,671838,credit_card,completed,2026-09-22 17:00:00
70,70,188760,credit_card,completed,2026-09-13 14:00:00
71,71,244471,upi,pending,2026-09-05 15:00:00
72,72,195220,upi,completed,2026-09-06 17:00:00
73,73,424730,debit_card,pending,2026-09-13 00:00:00
74,74,861528,net_banking,completed,2026-09-20 08:00:00
75,75,945725,credit_card,completed,2026-09-05 18:00:00
76,76,277161,upi,completed,2026-09-08 07:00:00
77,77,1040238,net_banking,completed,2026-09-20 05:00:00
78,78,1066265,net_banking,pending,2026-09-12 06:00:00
79,79,1387381,credit_card,completed,2026-09-05 18:00:00
80,80,129793,credit_card,completed,2026-09-10 23:00:00
81,81,125594,debit_card,completed,2026-09-13 10:00:00
82,82,669891,debit_card,completed,2026-09-26 17:00:00
83,83,760649,credit_card,completed,2026-09-19 07:00:00
84,84,555044,upi,completed,2026-09-04 15:00:00
85,85,1443625,net_banking,completed,2026-09-05 17:00:00
86,86,872803,wallet,completed,2026-09-02 14:00:00
87,87,984199,net_banking,completed,2026-09-22 00:00:00
88,88,959445,upi,completed,2026-09-26 16:00:00
89,89,624296,debit_card,completed,2026-09-23 06:00:00
90,90,629176,wallet,completed,2026-09-10 02:00:00
91,91,60705,credit_card,completed,2026-09-19 08:00:00
92,92,763035,net_banking,completed,2026-09-16 03:00:00
93,93,703671,debit_card,completed,2026-09-03 06:00:00
94,94,945567,upi,completed,2026-09-17 07:00:00
95,95,213813,wallet,completed,2026-09-14 06:00:00
96,96,62630,upi,completed,2026-09-23 07:00:00
97,97,835197,upi,completed,2026-09-08 12:00:00
98,98,572985,credit_card,completed,2026-09-11 14:00:00
99,99,773081,debit_card,completed,2026-09-23 17:00:00
100,100,695990,upi,completed,2026-09-23 06:00:00
101,101,1298746,upi,completed,2026-09-23 18:00:00
102,102,179526,net_banking,completed,2026-09-17 15:00:00
103,103,1300572,debit_card,completed,2026-09-14 08:00:00
104,104,836793,upi,completed,2026-09-17 08:00:00
105,105,1471545,net_banking,completed,2026-09-16 15:00:00
106,106,84502,net_banking,pending,2026-09-12 10:00:00
107,107,1482852,credit_card,completed,2026-09-18 19:00:00
108,108,1447937,debit_card,completed,2026-09-08 08:00:00
109,109,1313789,upi,completed,2026-09-15 22:00:00
110,110,1089189,credit_card,completed,2026-09-22 12:00:00
111,111,714793,net_banking,completed,2026-09-09 07:00:00
112,112,691379,net_banking,pending,2026-09-18 17:00:00
113,113,947625,credit_card,pending,2026-09-19 00:00:00
114,114,933802,debit_card,completed,2026-09-26 09:00:00
115,115,1125189,debit_card,completed,2026-09-14 23:00:00
116,116,266137,debit_card,completed,2026-09-07 00:00:00
117,117,1198272,upi,completed,2026-09-03 20:00:00
118,118,381337,upi,completed,2026-09-20 09:00:00
119,119,279020,upi,completed,2026-09-09 19:00:00
120,120,1370978,wallet,completed,2026-09-12 22:00:00
121,121,397809,credit_card,completed,2026-09-13 19:00:00
122,122,253720,credit_card,completed,2026-09-13 22:00:00
123,123,1041633,wallet,completed,2026-09-14 21:00:00
124,124,1282922,upi,completed,2026-09-11 20:00:00
125,125,870679,wallet,completed,2026-09-26 09:00:00
126,126,426158,credit_card,completed,2026-09-02 19:00:00
127,127,1252585,debit_card,pending,2026-09-04 08:00:00
128,128,344049,wallet,completed,2026-09-12 03:00:00
129,129,1357028,credit_card,completed,2026-09-08 18:00:00
130,130,877727,wallet,completed,2026-09-21 12:00:00
131,131,1126246,upi,completed,2026-09-14 02:00:00
132,132,564600,wallet,completed,2026-09-24 11:00:00
133,133,1246956,credit_card,completed,2026-09-12 21:00:00
134,134,1445078,debit_card,completed,2026-09-06 18:00:00
135,135,265968,credit_card,pending,2026-09-20 05:00:00
136,136,202824,upi,completed,2026-09-13 15:00:00
137,137,1237160,net_banking,pending,2026-09-14 08:00:00
138,138,56939,credit_card,pending,2026-09-12 05:00:00
139,139,978490,net_banking,completed,2026-09-16 12:00:00
140,140,192592,wallet,completed,2026-09-14 18:00:00
141,141,191770,debit_card,completed,2026-09-16 00:00:00
142,142,691338,credit_card,completed,2026-09-08 17:00:00
143,143,889222,debit_card,pending,2026-09-26 07:00:00
144,144,931127,wallet,completed,2026-09-05 15:00:00
145,145,341481,upi,completed,2026-09-04 07:00:00
146,146,1471771,wallet,completed,2026-09-17 17:00:00
147,147,609186,upi,completed,2026-09-18 05:00:00
148,148,1000864,debit_card,completed,2026-09-21 04:00:00
149,149,1184435,debit_card,completed,2026-09-02 22:00:00
150,150,121450,upi,completed,2026-09-25 22:00:00
151,151,1223300,credit_card,completed,2026-09-27 02:00:00
152,152,430294,debit_card,completed,2026-09-07 21:00:00
153,153,1201780,upi,completed,2026-09-26 09:00:00
154,154,340593,credit_card,completed,2026-09-08 02:00:00
155,155,277802,debit_card,completed,2026-09-16 05:00:00
156,156,188112,net_banking,completed,2026-09-19 15:00:00
157,157,898585,credit_card,completed,2026-09-18 08:00:00
158,158,466343,upi,completed,2026-09-03 10:00:00
159,159,1273987,debit_card,completed,2026-09-04 20:00:00
160,160,128674,debit_card,completed,2026-09-22 12:00:00
161,161,206676,credit_card,completed,2026-09-08 17:00:00
162,162,583677,upi,completed,2026-09-26 06:00:00
163,163,915992,net_banking,completed,2026-09-22 09:00:00
164,164,1086815,credit_card,completed,2026-09-07 10:00:00
165,165,521553,credit_card,completed,2026-09-12 06:00:00
166,166,368484,net_banking,completed,2026-09-05 23:00:00
167,167,119264,credit_card,pending,2026-09-08 17:00:00
168,168,769540,credit_card,completed,2026-09-21 03:00:00
169,169,356865,debit_card,completed,2026-09-25 08:00:00
170,170,543261,wallet,completed,2026-09-08 07:00:00
171,171,1453227,credit_card,completed,2026-09-19 12:00:00
172,172,334775,upi,completed,2026-09-06 14:00:00
173,173,1271137,net_banking,completed,2026-09-06 19:00:00
174,174,1214668,debit_card,pending,2026-09-15 01:00:00
175,175,921273,credit_card,completed,2026-09-26 04:00:00
176,176,286934,credit_card,completed,2026-09-13 18:00:00
177,177,17937,credit_card,completed,2026-09-16 13:00:00
178,178,229889,upi,completed,2026-09-18 21:00:00
179,179,193483,net_banking,completed,2026-09-06 17:00:00
180,180,481154,credit_card,completed,2026-09-09 16:00:00
181,181,250174,wallet,completed,2026-09-06 00:00:00
182,182,675752,net_banking,completed,2026-09-06 16:00:00
183,183,424214,net_banking,completed,2026-09-20 21:00:00
184,184,156679,upi,pending,2026-09-18 00:00:00
185,185,1007323,credit_card,completed,2026-09-23 08:00:00
186,186,322467,credit_card,pending,2026-09-04 04:00:00
187,187,448311,upi,completed,2026-09-08 09:00:00
188,188,211108,credit_card,completed,2026-09-20 21:00:00
189,189,1253348,credit_card,completed,2026-09-24 10:00:00
190,190,665549,upi,completed,2026-09-20 06:00:00
191,191,589062,debit_card,completed,2026-09-16 05:00:00
192,192,619388,wallet,completed,2026-09-13 18:00:00
193,193,71385,wallet,pending,2026-09-22 13:00:00
194,194,795417,upi,completed,2026-09-21 12:00:00
195,195,512875,debit_card,completed,2026-09-17 07:00:00
196,196,774680,net_banking,completed,2026-09-06 22:00:00
197,197,369602,upi,completed,2026-09-17 15:00:00
198,198,1145095,credit_card,completed,2026-09-09 20:00:00
199,199,960147,credit_card,pending,2026-09-23 08:00:00
200,200,1299072,debit_card,completed,2026-09-26 05:00:00
201,201,577366,debit_card,completed,2026-09-20 23:00:00
202,202,770809,upi,completed,2026-09-05 02:00:00
203,203,565669,credit_card,completed,2026-09-03 14:00:00
204,204,588973,net_banking,completed,2026-09-07 05:00:00
205,205,1365385,debit_card,completed,2026-09-04 00:00:00
206,206,761974,upi,pending,2026-09-16 17:00:00
207,207,1473929,net_banking,completed,2026-09-06 21:00:00
208,208,386585,upi,completed,2026-09-09 17:00:00
209,209,922473,upi,completed,2026-09-24 04:00:00
210,210,1166185,net_banking,pending,2026-09-19 06:00:00
211,211,507875,wallet,completed,2026-09-17 01:00:00
212,212,541601,upi,pending,2026-09-14 00:00:00
213,213,59765,credit_card,completed,2026-09-08 18:00:00
214,214,210761,wallet,completed,2026-09-15 20:00:00
215,215,577423,upi,pending,2026-09-14 22:00:00
216,216,976081,net_banking,completed,2026-09-25 11:00:00
217,217,477053,wallet,completed,2026-09-03 10:00:00
218,218,355206,upi,completed,2026-09-22 19:00:00
219,219,771332,upi,completed,2026-09-15 00:00:00
220,220,999621,credit_card,pending,2026-09-25 09:00:00
221,221,248210,credit_card,completed,2026-09-08 19:00:00
222,222,84569,wallet,completed,2026-09-09 13:00:00
223,223,729817,upi,completed,2026-09-13 08:00:00
224,224,373893,credit_card,pending,2026-09-13 02:00:00
225,225,1023862,debit_card,completed,2026-09-11 06:00:00
226,226,1171601,debit_card,completed,2026-09-22 23:00:00
227,227,1205844,debit_card,completed,2026-09-09 07:00:00
228,228,1313680,net_banking,completed,2026-09-04 04:00:00
229,229,441822,wallet,completed,2026-09-24 19:00:00
230,230,237991,wallet,completed,2026-09-20 14:00:00
231,231,1397091,wallet,completed,2026-09-21 14:00:00
232,232,368875,debit_card,completed,2026-09-24 10:00:00
233,233,491585,upi,completed,2026-09-12 05:00:00
234,234,223561,debit_card,completed,2026-09-16 10:00:00
235,235,683875,debit_card,completed,2026-09-08 00:00:00
236,236,339091,credit_card,completed,2026-09-03 14:00:00
237,237,184468,net_banking,completed,2026-09-25 12:00:00
238,238,372814,credit_card,completed,2026-09-08 09:00:00
239,239,183981,net_banking,completed,2026-09-22 15:00:00
240,240,955257,net_banking,completed,2026-09-25 08:00:00
241,241,655216,wallet,completed,2026-09-07 15:00:00
242,242,297143,credit_card,completed,2026-09-27 06:00:00
243,243,1431033,wallet,completed,2026-09-17 09:00:00
244,244,597811,debit_card,completed,2026-09-26 07:00:00
245,245,395328,wallet,completed,2026-09-18 08:00:00
246,246,1104726,net_banking,completed,2026-09-16 09:00:00
247,247,217360,wallet,completed,2026-09-26 21:00:00
248,248,1471610,debit_card,completed,2026-09-09 08:00:00
249,249,1079718,debit_card,pending,2026-09-07 18:00:00
250,250,84738,net_banking,completed,2026-09-14 17:00:00
251,251,782719,debit_card,completed,2026-09-15 18:00:00
252,252,74102,upi,completed,2026-09-22 19:00:00
253,253,1301368,wallet,completed,2026-09-18 07:00:00
254,254,1336429,upi,completed,2026-09-18 17:00:00
255,255,754330,upi,completed,2026-09-17 05:00:00
256,256,1096053,wallet,completed,2026-09-13 19:00:00
257,257,454704,credit_card,completed,2026-09-09 05:00:00
258,258,679900,debit_card,completed,2026-09-14 12:00:00
259,259,681697,credit_card,completed,2026-09-21 13:00:00
260,260,966379,upi,completed,2026-09-20 10:00:00
261,261,557637,debit_card,pending,2026-09-05 01:00:00
262,262,124115,wallet,completed,2026-09-08 15:00:00
263,263,119412,upi,pending,2026-09-04 04:00:00
264,264,1425206,net_banking,completed,2026-09-18 12:00:00
265,265,570517,net_banking,pending,2026-09-21 20:00:00
266,266,281347,upi,completed,2026-09-08 05:00:00
267,267,58254,credit_card,completed,2026-09-13 10:00:00
268,268,78080,credit_card,pending,2026-09-19 20:00:00
269,269,1494620,debit_card,completed,2026-09-21 08:00:00
270,270,220792,wallet,completed,2026-09-10 22:00:00
271,271,1219541,upi,pending,2026-09-20 19:00:00
272,272,833951,net_banking,completed,2026-09-16 23:00:00
273,273,1194650,wallet,completed,2026-09-09 17:00:00
274,274,370293,credit_card,completed,2026-09-11 18:00:00
275,275,711707,debit_card,pending,2026-09-26 08:00:00
276,276,477681,upi,pending,2026-09-06 03:00:00
277,277,627918,credit_card,completed,2026-09-22 04:00:00
278,278,1459119,wallet,completed,2026-09-06 02:00:00
279,279,529816,upi,completed,2026-09-22 06:00:00
280,280,1156294,wallet,completed,2026-09-25 14:00:00
281,281,786743,upi,completed,2026-09-05 08:00:00
282,282,532049,upi,pending,2026-09-16 21:00:00
283,283,310446,net_banking,completed,2026-09-05 20:00:00
284,284,929315,net_banking,completed,2026-09-07 10:00:00
285,285,273294,upi,completed,2026-09-09 03:00:00
286,286,1241332,upi,completed,2026-09-17 13:00:00
287,287,983637,wallet,pending,2026-09-26 17:00:00
288,288,1335704,wallet,completed,2026-09-02 23:00:00
289,289,382344,debit_card,pending,2026-09-14 14:00:00
290,290,127907,credit_card,completed,2026-09-15 09:00:00
291,291,707321,wallet,completed,2026-09-19 19:00:00
292,292,1106589,net_banking,completed,2026-09-15 16:00:00
293,293,782122,net_banking,completed,2026-09-08 10:00:00
294,294,415785,net_banking,completed,2026-09-23 03:00:00
295,295,1419164,upi,pending,2026-09-03 13:00:00
296,296,1223929,net_banking,pending,2026-09-13 12:00:00
297,297,1149396,upi,completed,2026-09-16 02:00:00
298,298,1321020,debit_card,completed,2026-09-21 14:00:00
299,299,696647,debit_card,completed,2026-09-19 09:00:00
300,300,94705,upi,completed,2026-09-16 14:00:00
301,301,814256,debit_card,completed,2026-09-21 13:00:00
302,302,1096685,net_banking,pending,2026-09-07 23:00:00
303,303,74496,upi,completed,2026-09-03 10:00:00
304,304,128734,credit_card,completed,2026-09-26 18:00:00
305,305,1241443,wallet,completed,2026-09-26 01:00:00
306,306,1463120,upi,completed,2026-09-08 09:00:00
307,307,1137324,credit_card,completed,2026-09-26 02:00:00
308,308,47699,debit_card,completed,2026-09-19 18:00:00
309,309,788564,net_banking,completed,2026-09-17 11:00:00
310,310,1398419,credit_card,completed,2026-09-09 02:00:00
311,311,576607,credit_card,completed,2026-09-14 07:00:00
312,312,618428,wallet,completed,2026-09-26 16:00:00
313,313,883838,wallet,completed,2026-09-06 13:00:00
314,314,412912,upi,pending,2026-09-04 04:00:00
315,315,1087644,upi,completed,2026-09-27 09:00:00
316,316,238623,upi,pending,2026-09-24 22:00:00
317,317,302280,upi,completed,2026-09-26 16:00:00
318,318,1041909,wallet,completed,2026-09-09 16:00:00
319,319,1064518,wallet,completed,2026-09-23 00:00:00
320,320,797659,debit_card,completed,2026-09-17 00:00:00
321,321,526578,wallet,completed,2026-09-22 20:00:00
322,322,222524,net_banking,completed,2026-09-13 07:00:00
323,323,1413393,net_banking,pending,2026-09-15 22:00:00
324,324,1041524,wallet,completed,2026-09-15 04:00:00
325,325,1011729,wallet,completed,2026-09-16 17:00:00
326,326,868703,upi,completed,2026-09-14 02:00:00
327,327,449799,credit_card,completed,2026-09-16 23:00:00
328,328,1387527,upi,pending,2026-09-05 11:00:00
329,329,318981,net_banking,completed,2026-09-22 20:00:00
330,330,181566,net_banking,completed,2026-09-13 05:00:00
331,331,1011321,upi,completed,2026-09-12 22:00:00
332,332,168203,debit_card,completed,2026-09-12 12:00:00
333,333,17884,upi,completed,2026-09-07 09:00:00
334,334,440426,wallet,completed,2026-09-20 05:00:00
335,335,434710,wallet,completed,2026-09-16 16:00:00
336,336,811979,credit_card,completed,2026-09-27 08:00:00
337,337,1325711,upi,completed,2026-09-09 20:00:00
338,338,295660,debit_card,completed,2026-09-19 13:00:00
339,339,461550,net_banking,completed,2026-09-03 23:00:00
340,340,1156911,upi,completed,2026-09-14 03:00:00
341,341,712618,debit_card,completed,2026-09-08 19:00:00
342,342,1102030,upi,completed,2026-09-16 11:00:00
343,343,535187,net_banking,pending,2026-09-09 16:00:00
344,344,924174,credit_card,completed,2026-09-10 03:00:00
345,345,505264,credit_card,completed,2026-09-20 16:00:00
346,346,726580,debit_card,pending,2026-09-09 19:00:00
347,347,368495,wallet,pending,2026-09-12 15:00:00
348,348,407025,net_banking,completed,2026-09-15 11:00:00
349,349,708731,credit_card,completed,2026-09-05 09:00:00
350,350,1041599,wallet,completed,2026-09-22 20:00:00
351,351,344232,net_banking,completed,2026-09-18 13:00:00
352,352,635393,wallet,completed,2026-09-22 01:00:00
353,353,1147528,wallet,pending,2026-09-24 19:00:00
354,354,681132,upi,completed,2026-09-05 05:00:00
355,355,111308,debit_card,completed,2026-09-27 01:00:00
356,356,241697,net_banking,completed,2026-09-11 01:00:00
357,357,1026805,credit_card,completed,2026-09-22 02:00:00
358,358,679259,debit_card,completed,2026-09-06 04:00:00
359,359,696007,credit_card,completed,2026-09-23 15:00:00
360,360,605944,wallet,completed,2026-09-16 09:00:00
361,361,86933,debit_card,completed,2026-09-12 04:00:00
362,362,1403176,credit_card,completed,2026-09-25 23:00:00
363,363,625064,debit_card,completed,2026-09-04 09:00:00
364,364,1489427,credit_card,completed,2026-09-19 16:00:00
365,365,1030409,debit_card,pending,2026-09-19 06:00:00
366,366,195489,net_banking,completed,2026-09-08 13:00:00
367,367,1097203,debit_card,completed,2026-09-25 09:00:00
368,368,705192,upi,pending,2026-09-03 12:00:00
369,369,585420,upi,completed,2026-09-25 20:00:00
370,370,298870,debit_card,completed,2026-09-08 10:00:00
371,371,1218009,debit_card,completed,2026-09-06 08:00:00
372,372,324921,upi,completed,2026-09-03 12:00:00
373,373,382131,upi,completed,2026-09-21 15:00:00
374,374,341480,wallet,pending,2026-09-13 04:00:00
375,375,1490355,net_banking,completed,2026-09-08 20:00:00
376,376,874620,debit_card,pending,2026-09-27 19:00:00
377,377,1316850,net_banking,completed,2026-09-12 12:00:00
378,378,464671,upi,completed,2026-09-10 23:00:00
379,379,842615,wallet,completed,2026-09-09 09:00:00
380,380,491659,credit_card,completed,2026-09-18 20:00:00
381,381,292059,debit_card,completed,2026-09-16 02:00:00
382,382,1289147,wallet,completed,2026-09-12 10:00:00
383,383,630704,credit_card,completed,2026-09-05 19:00:00
384,384,379355,upi,completed,2026-09-07 14:00:00
385,385,1273742,wallet,completed,2026-09-05 05:00:00
386,386,175377,wallet,completed,2026-09-10 06:00:00
387,387,298400,debit_card,pending,2026-09-04 15:00:00
388,388,729451,credit_card,pending,2026-09-27 03:00:00
389,389,333397,wallet,completed,2026-09-15 04:00:00
390,390,1189596,debit_card,completed,2026-09-08 01:00:00
391,391,1374379,debit_card,completed,2026-09-11 14:00:00
392,392,535225,credit_card,completed,2026-09-14 20:00:00
393,393,778920,upi,completed,2026-09-13 22:00:00
394,394,1373201,net_banking,completed,2026-09-21 20:00:00
395,395,1117028,upi,completed,2026-09-04 09:00:00
396,396,456814,debit_card,completed,2026-09-26 21:00:00
397,397,758916,credit_card,completed,2026-09-18 08:00:00
398,398,1149750,upi,completed,2026-09-17 12:00:00
399,399,154082,wallet,pending,2026-09-22 23:00:00
400,400,742657,debit_card,completed,2026-09-09 04:00:00
401,401,69963,net_banking,completed,2026-09-04 05:00:00
402,402,630282,upi,completed,2026-09-04 05:00:00
403,403,33430,net_banking,completed,2026-09-05 15:00:00
404,404,995707,credit_card,completed,2026-09-04 17:00:00
405,405,37441,upi,completed,2026-09-25 03:00:00
406,406,45273,wallet,pending,2026-09-25 16:00:00
407,407,178295,credit_card,completed,2026-09-20 07:00:00
408,408,937238,upi,completed,2026-09-12 19:00:00
409,409,136856,net_banking,pending,2026-09-14 15:00:00
410,410,1485544,upi,completed,2026-09-25 21:00:00
411,411,158290,upi,completed,2026-09-05 17:00:00
412,412,411053,wallet,pending,2026-09-22 09:00:00
413,413,974427,debit_card,completed,2026-09-23 07:00:00
414,414,359977,net_banking,completed,2026-09-25 02:00:00
415,415,421148,upi,pending,2026-09-26 14:00:00
416,416,853951,upi,completed,2026-09-15 00:00:00
417,417,888772,upi,pending,2026-09-03 15:00:00
418,418,462860,upi,completed,2026-09-19 17:00:00
419,419,510893,debit_card,pending,2026-09-19 19:00:00
420,420,1123250,net_banking,completed,2026-09-05 22:00:00
421,421,1261222,upi,completed,2026-09-21 19:00:00
422,422,63749,credit_card,completed,2026-09-19 18:00:00
423,423,546536,wallet,completed,2026-09-23 09:00:00
424,424,146736,debit_card,completed,2026-09-09 17:00:00
425,425,416525,debit_card,completed,2026-09-06 11:00:00
426,426,488615,wallet,completed,2026-09-07 23:00:00
427,427,552614,upi,completed,2026-09-14 22:00:00
428,428,451482,wallet,completed,2026-09-06 04:00:00
429,429,58770,debit_card,completed,2026-09-19 00:00:00
430,430,38165,debit_card,completed,2026-09-17 05:00:00
431,431,1359698,wallet,pending,2026-09-06 17:00:00
432,432,1034236,wallet,completed,2026-09-24 05:00:00
433,433,749773,upi,completed,2026-09-14 18:00:00
434,434,463563,upi,completed,2026-09-14 16:00:00
435,435,1086903,debit_card,completed,2026-09-12 07:00:00
436,436,178230,upi,completed,2026-09-10 10:00:00
437,437,1210014,net_banking,completed,2026-09-17 03:00:00
438,438,464574,credit_card,completed,2026-09-20 16:00:00
439,439,484923,upi,completed,2026-09-10 14:00:00
440,440,1452286,debit_card,completed,2026-09-14 08:00:00
441,441,1228394,debit_card,completed,2026-09-19 02:00:00
442,442,896455,wallet,completed,2026-09-25 20:00:00
443,443,1430442,net_banking,completed,2026-09-25 17:00:00
444,444,1200554,credit_card,pending,2026-09-11 04:00:00
445,445,225899,net_banking,completed,2026-09-20 13:00:00
446,446,1187813,credit_card,completed,2026-09-08 22:00:00
447,447,810817,net_banking,completed,2026-09-22 17:00:00
448,448,74316,net_banking,pending,2026-09-20 01:00:00
449,449,181778,upi,completed,2026-09-25 21:00:00
450,450,977524,wallet,completed,2026-09-16 21:00:00
451,451,1449257,upi,completed,2026-09-20 09:00:00
452,452,348484,wallet,pending,2026-09-05 15:00:00
453,453,679697,net_banking,completed,2026-09-27 17:00:00
454,454,530486,upi,completed,2026-09-23 07:00:00
455,455,1382402,wallet,completed,2026-09-15 10:00:00
456,456,481529,debit_card,completed,2026-09-07 20:00:00
457,457,535419,debit_card,completed,2026-09-25 04:00:00
458,458,119325,wallet,completed,2026-09-22 01:00:00
459,459,742995,credit_card,completed,2026-09-06 07:00:00
460,460,783623,credit_card,completed,2026-09-10 01:00:00
461,461,1438521,net_banking,completed,2026-09-25 15:00:00
462,462,967873,wallet,completed,2026-09-10 18:00:00
463,463,896420,net_banking,completed,2026-09-10 05:00:00
464,464,431878,credit_card,completed,2026-09-10 15:00:00
465,465,1203243,debit_card,completed,2026-09-26 17:00:00
466,466,697120,credit_card,completed,2026-09-17 01:00:00
467,467,903477,net_banking,completed,2026-09-24 21:00:00
468,468,540873,upi,completed,2026-09-07 11:00:00
469,469,734902,wallet,completed,2026-09-14 08:00:00
470,470,290824,debit_card,pending,2026-09-15 03:00:00
471,471,902670,debit_card,completed,2026-09-18 23:00:00
472,472,960506,wallet,completed,2026-09-09 12:00:00
473,473,266878,wallet,completed,2026-09-09 09:00:00
474,474,936689,net_banking,completed,2026-09-15 18:00:00
475,475,308710,wallet,completed,2026-09-22 02:00:00
476,476,625460,credit_card,completed,2026-09-24 03:00:00
477,477,267452,debit_card,completed,2026-09-21 16:00:00
478,478,68292,credit_card,completed,2026-09-11 06:00:00
479,479,857119,upi,pending,2026-09-10 11:00:00
480,480,187464,upi,completed,2026-09-25 17:00:00
481,481,822178,net_banking,pending,2026-09-25 20:00:00
482,482,343364,net_banking,completed,2026-09-21 22:00:00
483,483,554243,wallet,completed,2026-09-13 11:00:00
484,484,669767,wallet,pending,2026-09-17 22:00:00
485,485,1219821,upi,completed,2026-09-11 21:00:00
486,486,931865,wallet,completed,2026-09-20 03:00:00
487,487,807729,upi,completed,2026-09-05 10:00:00
488,488,448142,debit_card,completed,2026-09-17 03:00:00
489,489,1444899,net_banking,completed,2026-09-06 00:00:00
490,490,1058081,credit_card,completed,2026-09-13 15:00:00
491,491,1146957,credit_card,pending,2026-09-16 17:00:00
492,492,949126,debit_card,completed,2026-09-08 19:00:00
493,493,783060,debit_card,completed,2026-09-07 04:00:00
494,494,504321,wallet,completed,2026-09-22 09:00:00
495,495,565263,upi,pending,2026-09-05 17:00:00
496,496,342310,net_banking,completed,2026-09-25 13:00:00
497,497,497773,upi,completed,2026-09-24 02:00:00
498,498,857847,wallet,completed,2026-09-27 16:00:00
499,499,132476,upi,pending,2026-09-04 19:00:00
500,500,1395554,wallet,completed,2026-09-02 10:00:00
